{"global_step": 393216, "_timestamp": 1684812496.3322713, "losses/cval_loss": 0.7892819046974182, "info/cval_lr": 0.0005000000237487257, "performance/step_inference_rl_update_fps": 15452.97265625, "performance/step_inference_fps": 15944.73046875, "performance/step_fps": 16034.19921875, "performance/rl_update_time": 0.2615962028503418, "performance/step_inference_time": 8.220396041870117, "performance/step_time": 8.174527168273926, "losses/a_loss": -0.0074671003967523575, "losses/c_loss": 1.0092599391937256, "losses/entropy": 31.181819915771484, "info/last_lr": 0.0011390624567866325, "info/lr_mul": 1.0, "info/e_clip": 0.20000000298023224, "info/kl": 0.014417093247175217, "info/epochs": 3.0, "consecutive_successes/frame": 0.0, "_runtime": 38, "_step": 17, "consecutive_successes/iter": 0.0, "consecutive_successes/time": 0.0, "losses/bounds_loss": 0.0, "rewards/step": -1.0598756074905396, "rewards/iter": -1.0598756074905396, "rewards/time": -1.0598756074905396, "episode_lengths/step": 24.14285659790039, "episode_lengths/iter": 24.14285659790039, "episode_lengths/time": 21.71538543701172, "_wandb": {"runtime": 45}}