{"global_step": 262144, "_timestamp": 1684816710.7183475, "losses/cval_loss": 1.0243324041366577, "info/cval_lr": 0.0005000000237487257, "performance/step_inference_rl_update_fps": 16169.0712890625, "performance/step_inference_fps": 16671.6171875, "performance/step_fps": 16773.58203125, "performance/rl_update_time": 0.2443552017211914, "performance/step_inference_time": 7.861985206604004, "performance/step_time": 7.814192771911621, "losses/a_loss": -0.011023979634046555, "losses/c_loss": 1.2298181056976318, "losses/entropy": 31.204965591430664, "info/last_lr": 0.000759374990593642, "info/lr_mul": 1.0, "info/e_clip": 0.20000000298023224, "info/kl": 0.008483236655592918, "info/epochs": 2.0, "consecutive_successes/frame": 0.0, "_runtime": 30, "_step": 12, "consecutive_successes/iter": 0.0, "consecutive_successes/time": 0.0, "losses/bounds_loss": 0.0, "rewards/step": -1.7482109069824219, "rewards/iter": -1.7482109069824219, "rewards/time": -1.7482109069824219, "episode_lengths/step": 21.328283309936523, "episode_lengths/iter": 21.328283309936523, "episode_lengths/time": 21.328283309936523, "_wandb": {"runtime": 33}}