{"global_step": 1906442240, "_timestamp": 1685060318.355299, "losses/cval_loss": 0.021189747378230095, "info/cval_lr": 0.0005000000237487257, "performance/step_inference_rl_update_fps": 16440.580078125, "performance/step_inference_fps": 17024.26171875, "performance/step_fps": 17127.86328125, "performance/rl_update_time": 0.27333831787109375, "performance/step_inference_time": 7.699129104614258, "performance/step_time": 7.652559280395508, "losses/a_loss": -0.008274252526462078, "losses/c_loss": 0.10132310539484024, "losses/entropy": 1.4890155792236328, "info/last_lr": 9.999999747378752e-05, "info/lr_mul": 1.0, "info/e_clip": 0.20000000298023224, "info/kl": 0.017363205552101135, "info/epochs": 14545.0, "consecutive_successes/frame": 0.0, "_runtime": 167917, "_step": 87270, "consecutive_successes/iter": 0.0, "consecutive_successes/time": 0.0, "losses/bounds_loss": 0.4649631083011627, "rewards/step": 801.4757690429688, "rewards/iter": 801.4757690429688, "rewards/time": 801.4757690429688, "episode_lengths/step": 314.2030334472656, "episode_lengths/iter": 314.2030334472656, "episode_lengths/time": 314.2030334472656}