{"global_step": 131072, "_timestamp": 1684816770.3706098, "losses/cval_loss": 1.284990668296814, "info/cval_lr": 0.0005000000237487257, "performance/step_inference_rl_update_fps": 8203.0556640625, "performance/step_inference_fps": 8327.1630859375, "performance/step_fps": 8592.5419921875, "performance/rl_update_time": 0.23814129829406738, "performance/step_inference_time": 15.74029541015625, "performance/step_time": 15.254158020019531, "losses/a_loss": 0.00574409170076251, "losses/c_loss": 1.5408422946929932, "losses/entropy": 31.214828491210938, "info/last_lr": 0.00022499999613501132, "info/lr_mul": 1.0, "info/e_clip": 0.20000000298023224, "info/kl": 0.011601735837757587, "info/epochs": 1.0, "consecutive_successes/frame": 0.0, "_runtime": 22, "_step": 6, "consecutive_successes/iter": 0.0, "consecutive_successes/time": 0.0, "losses/bounds_loss": 0.0, "rewards/step": -0.8723738193511963, "rewards/iter": -0.8723738193511963, "rewards/time": -0.8723738193511963, "episode_lengths/step": 11.170730590820312, "episode_lengths/iter": 11.170730590820312, "episode_lengths/time": 11.170730590820312, "_wandb": {"runtime": 31}}