{"global_step": 1320943616, "_timestamp": 1685020797.2143903, "losses/cval_loss": 0.07584860175848007, "info/cval_lr": 0.0005000000237487257, "performance/step_inference_rl_update_fps": 10492.5146484375, "performance/step_inference_fps": 10724.267578125, "performance/step_fps": 10791.111328125, "performance/rl_update_time": 0.26995205879211426, "performance/step_inference_time": 12.222000122070312, "performance/step_time": 12.146293640136719, "losses/a_loss": -0.010018843226134777, "losses/c_loss": 0.29500705003738403, "losses/entropy": 9.33714485168457, "info/last_lr": 0.0001500000071246177, "info/lr_mul": 1.0, "info/e_clip": 0.20000000298023224, "info/kl": 0.020482147112488747, "info/epochs": 10078.0, "consecutive_successes/frame": 0.0, "_runtime": 128267, "_step": 60468, "consecutive_successes/iter": 0.0, "consecutive_successes/time": 0.0, "losses/bounds_loss": 1.0330796241760254, "rewards/step": 413.05462646484375, "rewards/iter": 413.05462646484375, "rewards/time": 413.05462646484375, "episode_lengths/step": 258.4221496582031, "episode_lengths/iter": 258.4221496582031, "episode_lengths/time": 258.4221496582031}