{"global_step": 262144, "_timestamp": 1684890223.2204728, "losses/cval_loss": 1.0832135677337646, "info/cval_lr": 0.0005000000237487257, "performance/step_inference_rl_update_fps": 17113.470703125, "performance/step_inference_fps": 17673.6484375, "performance/step_fps": 17784.76953125, "performance/rl_update_time": 0.24275636672973633, "performance/step_inference_time": 7.416238784790039, "performance/step_time": 7.369901180267334, "losses/a_loss": -0.012598942965269089, "losses/c_loss": 1.3773620128631592, "losses/entropy": 31.200241088867188, "info/last_lr": 0.000759374990593642, "info/lr_mul": 1.0, "info/e_clip": 0.20000000298023224, "info/kl": 0.007235441356897354, "info/epochs": 2.0, "consecutive_successes/frame": 0.0, "_runtime": 29, "_step": 12, "consecutive_successes/iter": 0.0, "consecutive_successes/time": 0.0, "losses/bounds_loss": 0.0, "rewards/step": -0.9895228147506714, "rewards/iter": -0.9895228147506714, "rewards/time": -0.9895228147506714, "episode_lengths/step": 24.044689178466797, "episode_lengths/iter": 24.044689178466797, "episode_lengths/time": 24.044689178466797, "_wandb": {"runtime": 32}}